{
    "accuracy": 0.9951302654005356,
    "correctly_classified_instances": 99.51302654005356,
    "incorrectly_classified_instances": 0.4869734599464408,
    "precision": 0.995134426815688,
    "recall": 0.9951302654005356,
    "f1_score": 0.9951302220930233
}