{
    "accuracy": 0.9352325298271245,
    "correctly_classified_instances": 93.52325298271245,
    "incorrectly_classified_instances": 6.4767470172875505,
    "precision": 0.9364245436388619,
    "recall": 0.9352325298271245,
    "f1_score": 0.9351798128517842
}