{
    "accuracy": 0.9997566317838891,
    "correctly_classified_instances": 99.97566317838891,
    "incorrectly_classified_instances": 0.024336821611086634,
    "precision": 0.9997567506740777,
    "recall": 0.9997566317838891,
    "f1_score": 0.9997566320145201
}