{
    "accuracy": 0.9849959448499594,
    "correctly_classified_instances": 98.49959448499594,
    "incorrectly_classified_instances": 1.5004055150040614,
    "precision": 0.9851372826223116,
    "recall": 0.9849959448499594,
    "f1_score": 0.9849951676207206
}